,forty,vertical,broad_jump,cone,shuttle
def_interceptions,-0.03797027703189907,0.08513062898357032,0.008885406114904565,-0.006367767890769547,-0.09099913214828727
def_pass_defended,-0.17090283438600715,0.12061083104069562,0.09352551888823842,-0.031211903175917835,-0.13256787521456453
def_tackles_solo,-0.11723892707552974,0.1367251933509252,0.10110503820782404,-0.03283969480481867,-0.17662345372340837
