,forty,vertical,broad_jump,cone,shuttle
def_interceptions,-0.026031987867212614,0.0735214336768847,0.05571253158269887,-0.05403632165323992,-0.053357936172998
def_pass_defended,-0.19402434249527462,0.18530382690244568,0.12869965537132255,-0.007938248200587458,-0.08365043754621777
def_tackles_solo,-0.20708473831087645,0.19284098080857703,0.12366717799999641,-0.03594384884107641,-0.22789586660123112
def_sacks,-0.1166812548781163,0.06904775340614286,0.09547824444613492,0.1176447105871761,-0.03441159587389868
