,forty,vertical,broad_jump,cone,shuttle
receiving_yards,-0.08339502469413528,0.0681736075910521,0.11297839901157467,-0.07852850612879697,0.06834834743233188
receptions,-0.06681499377576071,0.0662698707349934,0.09048113864171656,-0.09755997265422534,0.04274834917851528
receiving_tds,-0.09061456162888148,0.09944375622442621,0.1311215101992458,-0.0653237909902526,0.04143437406855846
